{
    "frequency_score": 11.578977858115751,
    "rgb_score": 3.493845360935666e-05,
    "hsv_score": 0.00013448730169329792,
    "final_score": 0.1002513272940592,
    "is_suspicious": false
}