{
    "frequency_score": 0.059318112623426664,
    "rgb_score": 0.0005057087983004749,
    "hsv_score": 0.006335329730063677,
    "final_score": 0.49208215703443464,
    "is_suspicious": false
}