{
    "is_suspicious": true,
    "final_score": 0.5278330724542686,
    "frequency_score": 2.4139218145578587,
    "rgb_score": 0.002612992422655225
}