{
    "is_suspicious": true,
    "final_score": 1.0,
    "frequency_score": 2.8040428869037908,
    "rgb_score": 0.0038050643634051085
}