{
    "frequency_score": 0.08636340847546374,
    "rgb_score": 0.0008919521351344883,
    "hsv_score": 0.004527963697910309,
    "final_score": 0.7229807225823917,
    "is_suspicious": true
}